<?xml version="1.0" encoding="UTF-8" standalone="yes"?>
<Workspace>
	<Workspace_Title>Jenga</Workspace_Title>
	<Workspace_Vertion>3.6.0</Workspace_Vertion>
	<Workspace_Date>2020/07/15 17:27:52</Workspace_Date>
	<Project>Jenga_right</Project>
	<MELFA-3D_Vision/>
	<Project>Jenga_left</Project>
	<Robot3DModel>
		<ModelType>0</ModelType>
	</Robot3DModel>
	<LastOnlineSelect>
		<ProjectName>Jenga_right</ProjectName>
		<ProjectName>Jenga_left</ProjectName>
	</LastOnlineSelect>
	<TDMonitor>
		<Floor>1</Floor>
		<BackColor>0</BackColor>
		<CoordinateAxes>1</CoordinateAxes>
		<Panel>0</Panel>
		<OrthographicProjection>0</OrthographicProjection>
	</TDMonitor>
</Workspace>