<?xml version="1.0" encoding="UTF-8" standalone="yes"?>
<Project>
	<CommuSetting>
		<RS-232>
			<Protocol>0</Protocol>
			<Port>1</Port>
			<Speed>9600</Speed>
			<Size>8</Size>
			<Parity>2</Parity>
			<StopBits>2</StopBits>
			<SendTimeout>5000</SendTimeout>
			<RecvTimeout>30000</RecvTimeout>
			<Retry>3</Retry>
		</RS-232>
		<TCPIP>
			<Adress>192.168.10.103</Adress>
			<Port>10001</Port>
			<SendTimeout>5000</SendTimeout>
			<RecvTimeout>30000</RecvTimeout>
			<Retry>0</Retry>
		</TCPIP>
		<USB>
			<SendTimeout>5000</SendTimeout>
			<RecvTimeout>30000</RecvTimeout>
			<Retry>3</Retry>
		</USB>
	</CommuSetting>
	<TDMonitor>
		<SolenoidValve>0</SolenoidValve>
	</TDMonitor>
	<RCtype>3</RCtype>
	<MECHA1>RV-7FM-Q</MECHA1>
	<RLNG>2</RLNG>
	<Travel_prm_set>1</Travel_prm_set>
	<Travel_use>0</Travel_use>
	<Travel_direct>1</Travel_direct>
	<Travel_joint>1</Travel_joint>
	<Travel_plus>1000.000</Travel_plus>
	<Travel_minus>-1000.000</Travel_minus>
	<Travel_limit_plus>1000.000</Travel_limit_plus>
	<Travel_limit_minus>-1000.000</Travel_limit_minus>
	<Travel_display>1</Travel_display>
	<Travel_width>800.000</Travel_width>
	<Travel_high>300.000</Travel_high>
	<Connect>1</Connect>
	<UserDefinitionArea/>
	<FreePlaneLimit/>
	<Tool>
		<Display>1</Display>
	</Tool>
	<CollisionArea>
		<Display>0</Display>
		<Color>255</Color>
		<Hand>0</Hand>
		<Work>0</Work>
	</CollisionArea>
	<MovementArea>
		<Display>0</Display>
		<Color>65535</Color>
		<nSliderX>100</nSliderX>
		<nSliderY>100</nSliderY>
		<nSliderZ>100</nSliderZ>
		<nSliderXY>1395</nSliderXY>
		<nSliderZMin>-1395</nSliderZMin>
		<nSliderZMax>1395</nSliderZMax>
	</MovementArea>
	<RobotInfo>
		<Project>0</Project>
		<Model>0</Model>
		<Size>1</Size>
	</RobotInfo>
	<RobotPath>
		<Display>0</Display>
		<Thickness>1</Thickness>
	</RobotPath>
	<FlangeDirection>
		<Display>1</Display>
	</FlangeDirection>
	<RobotModel>
		<Display>1</Display>
		<ViewType>0</ViewType>
	</RobotModel>
	<SplineCurve>
		<DisplayOpenFile>1</DisplayOpenFile>
		<DisplayTheFile>0<Number>0</Number>
			<Location>0</Location>
		</DisplayTheFile>
	</SplineCurve>
	<SafePlane/>
	<SafePos/>
</Project>